{
  "project_info": {
    "project_number": "659133807108",
    "project_id": "techacademy-e954c",
    "storage_bucket": "techacademy-e954c.appspot.com"
  },
  "client": [
    {
      "client_info": {
        "mobilesdk_app_id": "1:659133807108:android:a5f69f3797ce3bb9349351",
        "android_client_info": {
          "package_name": "com.ankit.techacandemy"
        }
      },
      "oauth_client": [
        {
          "client_id": "659133807108-bgct6qmoldr6emrgad0j0sm0tvr1vk4p.apps.googleusercontent.com",
          "client_type": 3
        }
      ],
      "api_key": [
        {
          "current_key": "AIzaSyA_Rrh4btbRRhVZnP2bspzLAUDWWBwJGJs"
        }
      ],
      "services": {
        "appinvite_service": {
          "other_platform_oauth_client": [
            {
              "client_id": "659133807108-bgct6qmoldr6emrgad0j0sm0tvr1vk4p.apps.googleusercontent.com",
              "client_type": 3
            }
          ]
        }
      }
    }
  ],
  "configuration_version": "1"
}